<xml xmlns="http://www.w3.org/1999/xhtml">
  <tab name="Init" type="InitTab" active="false" scrollx="19.999999999999773" scrolly="0" scale="0.9"></tab>
  <tab name="New Tab" type="CommonTab" active="true" scrollx="19.999999999999773" scrolly="20.000000000000114" scale="0.9">
    <block xmlns="https://developers.google.com/blockly/xml" type="setCameraParam" id="-db)^~%?hzXBTHs-l6rA" x="170" y="187">
      <mutation xmlns="http://www.w3.org/1999/xhtml" type="FIELD_OF_VIEW"></mutation>
      <field name="TYPE">FIELD_OF_VIEW</field>
      <value name="FIELD_OF_VIEW">
        <shadow type="math_number" id="%l?bllw0t|x+Eznp$|XW">
          <field name="NUM">6</field>
        </shadow>
      </value>
      <value name="OBJECT">
        <shadow type="objectList" id="7Gqq}|aLEDEGwH77$%E]">
          <field name="FIELDNAME">Scene</field>
        </shadow>
        <block type="allObjectList" id="52Z+9;]PweC6G,[a?PkG"></block>
      </value>
      <next>
        <block type="setCameraParam" id="0yLx[a#V3R+r8#I:0E6f">
          <mutation xmlns="http://www.w3.org/1999/xhtml" type="ALLOW_ZOOM"></mutation>
          <field name="TYPE">ALLOW_ZOOM</field>
          <value name="ALLOW_ZOOM">
            <shadow type="logic_boolean" id="I|eotTNey5#J=Qm55F(]">
              <field name="BOOL">FALSE</field>
            </shadow>
          </value>
          <value name="OBJECT">
            <shadow type="objectList" id="r@$[WZOu7jt%a)v`qY12">
              <field name="FIELDNAME">&lt;none&gt;</field>
            </shadow>
            <block type="allObjectList" id="%bn[*8/zA,PHF,oj]%U9"></block>
          </value>
        </block>
      </next>
    </block>
  </tab>
  <editorsettings viewport-x="947.4" viewport-y="37" viewport-w="643.6" viewport-h="440" viewport-hidden="false" toolbox-library-mode="false" toolbox-minimized-mode="false"></editorsettings>
</xml>