<xml xmlns="http://www.w3.org/1999/xhtml">
  <tab name="Init" type="InitTab" active="false" scrollx="19.999999999999773" scrolly="0" scale="0.9"></tab>
  <tab name="New Tab" type="CommonTab" active="true" scrollx="19.999999999999773" scrolly="20.000000000000227" scale="0.9">
    <block xmlns="https://developers.google.com/blockly/xml" type="setCameraParam" id="-db)^~%?hzXBTHs-l6rA" x="170" y="187">
      <mutation xmlns="http://www.w3.org/1999/xhtml" type="FIELD_OF_VIEW"></mutation>
      <field name="TYPE">FIELD_OF_VIEW</field>
      <value name="FIELD_OF_VIEW">
        <shadow type="math_number" id="%l?bllw0t|x+Eznp$|XW">
          <field name="NUM">12</field>
        </shadow>
      </value>
      <value name="OBJECT">
        <shadow type="objectList" id="7Gqq}|aLEDEGwH77$%E]">
          <field name="FIELDNAME">Scene</field>
        </shadow>
        <block type="allObjectList" id="52Z+9;]PweC6G,[a?PkG"></block>
      </value>
      <next>
        <block type="setCameraParam" id="0yLx[a#V3R+r8#I:0E6f">
          <mutation xmlns="http://www.w3.org/1999/xhtml" type="ALLOW_ZOOM"></mutation>
          <field name="TYPE">ALLOW_ZOOM</field>
          <value name="ALLOW_ZOOM">
            <shadow type="logic_boolean" id="I|eotTNey5#J=Qm55F(]">
              <field name="BOOL">FALSE</field>
            </shadow>
          </value>
          <value name="OBJECT">
            <shadow type="objectList" id="r@$[WZOu7jt%a)v`qY12">
              <field name="FIELDNAME">&lt;none&gt;</field>
            </shadow>
            <block type="allObjectList" id="%bn[*8/zA,PHF,oj]%U9"></block>
          </value>
          <next>
            <block type="autoRotateCamera" id="E(mArrM6z~vrC;|gzigV">
              <field name="ON_OFF">ON</field>
              <value name="SPEED">
                <shadow type="math_number" id="e`V6E/f,+*FWgu`?t1L;">
                  <field name="NUM">2</field>
                </shadow>
              </value>
              <next>
                <block type="whenClicked" id="cTt*MuW(uT){r@n:Rw-(" inline="false">
                  <mutation xmlns="http://www.w3.org/1999/xhtml" adveventoptions="false" enableifmissed="false"></mutation>
                  <field name="X_RAY">FALSE</field>
                  <field name="DOUBLE_CLICK">FALSE</field>
                  <field name="LEFT_BUTTON">TRUE</field>
                  <field name="MIDDLE_BUTTON">TRUE</field>
                  <field name="RIGHT_BUTTON">TRUE</field>
                  <value name="VALUE">
                    <shadow type="objectList" id="{!pE_)e2uu@M^Ls407Fc">
                      <field name="FIELDNAME">&lt;none&gt;</field>
                    </shadow>
                    <block type="allObjectList" id="U!{?jqhsO`h1J[c.#pI+"></block>
                  </value>
                  <statement name="DO">
                    <block type="autoRotateCamera" id="z0rd{Tt.a/,LVsH8Ett/">
                      <field name="ON_OFF">OFF</field>
                      <value name="SPEED">
                        <shadow type="math_number" id="=A!JkVa/^6LawnR~h-7W">
                          <field name="NUM">2</field>
                        </shadow>
                      </value>
                    </block>
                  </statement>
                </block>
              </next>
            </block>
          </next>
        </block>
      </next>
    </block>
  </tab>
  <editorsettings viewport-x="947.4" viewport-y="37" viewport-w="643.6" viewport-h="440" viewport-hidden="false" toolbox-library-mode="false" toolbox-minimized-mode="false"></editorsettings>
</xml>