<xml xmlns="http://www.w3.org/1999/xhtml">
  <tab name="Init" type="InitTab" active="false" scrollx="19.999999999999773" scrolly="0" scale="0.9"></tab>
  <tab name="New Tab" type="CommonTab" active="true" scrollx="228.8797418683639" scrolly="221.18133775410178" scale="0.425438350408364">
    <block xmlns="https://developers.google.com/blockly/xml" type="whenClicked" id=";egP:t!+4_Af3^lV+J3~" inline="false" x="890" y="-490">
      <mutation xmlns="http://www.w3.org/1999/xhtml" adveventoptions="false" enableifmissed="false"></mutation>
      <field name="X_RAY">FALSE</field>
      <field name="DOUBLE_CLICK">FALSE</field>
      <field name="LEFT_BUTTON">TRUE</field>
      <field name="MIDDLE_BUTTON">TRUE</field>
      <field name="RIGHT_BUTTON">TRUE</field>
      <value name="VALUE">
        <shadow type="objectList" id="S#^QthWvHr[^^S~y!q@Z">
          <field name="FIELDNAME">Solid.001</field>
        </shadow>
      </value>
      <statement name="DO">
        <block type="execScript" id="X`^w^R]HScMTo`f)i}]^">
          <value name="TEXT">
            <shadow type="textMultiline" id="fiB8X5=z;cfyxJ3N9x1J">
              <field name="HIGHLIGHT_MODE">javascript</field>
              <field name="TEXT" editor-height="10" editor-width="520">handleClick("Button_1");&amp;#10;</field>
            </shadow>
          </value>
        </block>
      </statement>
      <next>
        <block type="whenClicked" id="OmErq6X.3o1bHG5r]k8[" inline="false">
          <mutation xmlns="http://www.w3.org/1999/xhtml" adveventoptions="false" enableifmissed="false"></mutation>
          <field name="X_RAY">FALSE</field>
          <field name="DOUBLE_CLICK">FALSE</field>
          <field name="LEFT_BUTTON">TRUE</field>
          <field name="MIDDLE_BUTTON">TRUE</field>
          <field name="RIGHT_BUTTON">TRUE</field>
          <value name="VALUE">
            <shadow type="objectList" id="#Az[%;ERJ5C4JZ)l(z?K">
              <field name="FIELDNAME">Solid.002</field>
            </shadow>
          </value>
          <statement name="DO">
            <block type="execScript" id="K$n9/qL}t?uyydq7p_1M">
              <value name="TEXT">
                <shadow type="textMultiline" id="ui.mvhZ{C;[_.^VfCewh">
                  <field name="HIGHLIGHT_MODE">javascript</field>
                  <field name="TEXT" editor-height="10" editor-width="520">handleClick("Button_2");&amp;#10;</field>
                </shadow>
              </value>
            </block>
          </statement>
          <next>
            <block type="whenClicked" id="gYDjx;)HUW(jk6}dbIn7" inline="false">
              <mutation xmlns="http://www.w3.org/1999/xhtml" adveventoptions="false" enableifmissed="false"></mutation>
              <field name="X_RAY">FALSE</field>
              <field name="DOUBLE_CLICK">FALSE</field>
              <field name="LEFT_BUTTON">TRUE</field>
              <field name="MIDDLE_BUTTON">TRUE</field>
              <field name="RIGHT_BUTTON">TRUE</field>
              <value name="VALUE">
                <shadow type="objectList" id="K%$RjYx.#E?ew$`a{@;8">
                  <field name="FIELDNAME">Solid.003</field>
                </shadow>
              </value>
              <statement name="DO">
                <block type="execScript" id="9^.mDq]=@7%8|05YGXr7">
                  <value name="TEXT">
                    <shadow type="textMultiline" id="6X`k/^!FQ.Zh+wHvXn/7">
                      <field name="HIGHLIGHT_MODE">javascript</field>
                      <field name="TEXT" editor-height="10" editor-width="520">handleClick("Button_3");&amp;#10;</field>
                    </shadow>
                  </value>
                </block>
              </statement>
              <next>
                <block type="whenClicked" id="^zSR1vm9F2_2Hv!TdE#2" inline="false">
                  <mutation xmlns="http://www.w3.org/1999/xhtml" adveventoptions="false" enableifmissed="false"></mutation>
                  <field name="X_RAY">FALSE</field>
                  <field name="DOUBLE_CLICK">FALSE</field>
                  <field name="LEFT_BUTTON">TRUE</field>
                  <field name="MIDDLE_BUTTON">TRUE</field>
                  <field name="RIGHT_BUTTON">TRUE</field>
                  <value name="VALUE">
                    <shadow type="objectList" id="aG=H]g.w5l#G2/Wb=oJM">
                      <field name="FIELDNAME">Solid.004</field>
                    </shadow>
                  </value>
                  <statement name="DO">
                    <block type="execScript" id="T+pSJT~R|Kz]UNK[pB7}">
                      <value name="TEXT">
                        <shadow type="textMultiline" id="8$JZ|I-X]g^/:l:wy8H?">
                          <field name="HIGHLIGHT_MODE">javascript</field>
                          <field name="TEXT" editor-height="10" editor-width="520">handleClick("Button_4");&amp;#10;</field>
                        </shadow>
                      </value>
                    </block>
                  </statement>
                  <next>
                    <block type="whenClicked" id="O[|L9:xGcvgvrsK2@.[m" inline="false">
                      <mutation xmlns="http://www.w3.org/1999/xhtml" adveventoptions="false" enableifmissed="false"></mutation>
                      <field name="X_RAY">FALSE</field>
                      <field name="DOUBLE_CLICK">FALSE</field>
                      <field name="LEFT_BUTTON">TRUE</field>
                      <field name="MIDDLE_BUTTON">TRUE</field>
                      <field name="RIGHT_BUTTON">TRUE</field>
                      <value name="VALUE">
                        <shadow type="objectList" id="_QbvRj3_RMQ?mM}7Vz-)">
                          <field name="FIELDNAME">Solid.005</field>
                        </shadow>
                      </value>
                      <statement name="DO">
                        <block type="execScript" id=",q#eitSiPlLv32mpY4V=">
                          <value name="TEXT">
                            <shadow type="textMultiline" id="4Sah{XFOO*vngA_#TB%s">
                              <field name="HIGHLIGHT_MODE">javascript</field>
                              <field name="TEXT" editor-height="10" editor-width="520">handleClick("Button_5");&amp;#10;</field>
                            </shadow>
                          </value>
                        </block>
                      </statement>
                      <next>
                        <block type="whenClicked" id="o$AI)_}q2_qWr~4;03[r" inline="false">
                          <mutation xmlns="http://www.w3.org/1999/xhtml" adveventoptions="false" enableifmissed="false"></mutation>
                          <field name="X_RAY">FALSE</field>
                          <field name="DOUBLE_CLICK">FALSE</field>
                          <field name="LEFT_BUTTON">TRUE</field>
                          <field name="MIDDLE_BUTTON">TRUE</field>
                          <field name="RIGHT_BUTTON">TRUE</field>
                          <value name="VALUE">
                            <shadow type="objectList" id="P|:ZcwKEFPIhVxxfej+B">
                              <field name="FIELDNAME">Solid.006</field>
                            </shadow>
                          </value>
                          <statement name="DO">
                            <block type="execScript" id="/D@UbfNbP9+}m:O~J|V{">
                              <value name="TEXT">
                                <shadow type="textMultiline" id="mg![s!;lkNb)ZVc@}.uQ">
                                  <field name="HIGHLIGHT_MODE">javascript</field>
                                  <field name="TEXT" editor-height="10" editor-width="520">handleClick("Button_6");&amp;#10;</field>
                                </shadow>
                              </value>
                            </block>
                          </statement>
                          <next>
                            <block type="whenClicked" id="{,:eroEZ9@,rtnjz0q%y" inline="false">
                              <mutation xmlns="http://www.w3.org/1999/xhtml" adveventoptions="false" enableifmissed="false"></mutation>
                              <field name="X_RAY">FALSE</field>
                              <field name="DOUBLE_CLICK">FALSE</field>
                              <field name="LEFT_BUTTON">TRUE</field>
                              <field name="MIDDLE_BUTTON">TRUE</field>
                              <field name="RIGHT_BUTTON">TRUE</field>
                              <value name="VALUE">
                                <shadow type="objectList" id="GUg.xfdjfT{n%F!QlPax">
                                  <field name="FIELDNAME">Solid.007</field>
                                </shadow>
                              </value>
                              <statement name="DO">
                                <block type="execScript" id="p2}tVLN`m4vA8t:Yb*0T">
                                  <value name="TEXT">
                                    <shadow type="textMultiline" id="iUzN#E9qpUPhwW-9.Q9O">
                                      <field name="HIGHLIGHT_MODE">javascript</field>
                                      <field name="TEXT" editor-height="10" editor-width="520">handleClick("Button_7");&amp;#10;</field>
                                    </shadow>
                                  </value>
                                </block>
                              </statement>
                              <next>
                                <block type="whenClicked" id=",Fyz4~zdQ+p}#XWbkK]f" inline="false">
                                  <mutation xmlns="http://www.w3.org/1999/xhtml" adveventoptions="false" enableifmissed="false"></mutation>
                                  <field name="X_RAY">FALSE</field>
                                  <field name="DOUBLE_CLICK">FALSE</field>
                                  <field name="LEFT_BUTTON">TRUE</field>
                                  <field name="MIDDLE_BUTTON">TRUE</field>
                                  <field name="RIGHT_BUTTON">TRUE</field>
                                  <value name="VALUE">
                                    <shadow type="objectList" id="T8`(w9l-rPZ5bT.oC#^E">
                                      <field name="FIELDNAME">Solid.008</field>
                                    </shadow>
                                  </value>
                                  <statement name="DO">
                                    <block type="execScript" id=")8W2-@OV!M:}b_|p69Gn">
                                      <value name="TEXT">
                                        <shadow type="textMultiline" id="ID_bGMA)bxmffC;ula^F">
                                          <field name="HIGHLIGHT_MODE">javascript</field>
                                          <field name="TEXT" editor-height="10" editor-width="520">handleClick("Button_8");&amp;#10;</field>
                                        </shadow>
                                      </value>
                                    </block>
                                  </statement>
                                </block>
                              </next>
                            </block>
                          </next>
                        </block>
                      </next>
                    </block>
                  </next>
                </block>
              </next>
            </block>
          </next>
        </block>
      </next>
    </block>
    <block xmlns="https://developers.google.com/blockly/xml" type="setCameraParam" id="-db)^~%?hzXBTHs-l6rA" x="330" y="-410">
      <mutation xmlns="http://www.w3.org/1999/xhtml" type="FIELD_OF_VIEW"></mutation>
      <field name="TYPE">FIELD_OF_VIEW</field>
      <value name="FIELD_OF_VIEW">
        <shadow type="math_number" id="%l?bllw0t|x+Eznp$|XW">
          <field name="NUM">12</field>
        </shadow>
      </value>
      <value name="OBJECT">
        <shadow type="objectList" id="7Gqq}|aLEDEGwH77$%E]">
          <field name="FIELDNAME">Scene</field>
        </shadow>
        <block type="allObjectList" id="52Z+9;]PweC6G,[a?PkG"></block>
      </value>
      <next>
        <block type="setCameraParam" id="0yLx[a#V3R+r8#I:0E6f">
          <mutation xmlns="http://www.w3.org/1999/xhtml" type="ALLOW_ZOOM"></mutation>
          <field name="TYPE">ALLOW_ZOOM</field>
          <value name="ALLOW_ZOOM">
            <shadow type="logic_boolean" id="I|eotTNey5#J=Qm55F(]">
              <field name="BOOL">FALSE</field>
            </shadow>
          </value>
          <value name="OBJECT">
            <shadow type="objectList" id="r@$[WZOu7jt%a)v`qY12">
              <field name="FIELDNAME">&lt;none&gt;</field>
            </shadow>
            <block type="allObjectList" id="%bn[*8/zA,PHF,oj]%U9"></block>
          </value>
          <next>
            <block type="autoRotateCamera" id="E(mArrM6z~vrC;|gzigV">
              <field name="ON_OFF">ON</field>
              <value name="SPEED">
                <shadow type="math_number" id="e`V6E/f,+*FWgu`?t1L;">
                  <field name="NUM">2</field>
                </shadow>
              </value>
              <next>
                <block type="whenClicked" id="cTt*MuW(uT){r@n:Rw-(" inline="false">
                  <mutation xmlns="http://www.w3.org/1999/xhtml" adveventoptions="false" enableifmissed="false"></mutation>
                  <field name="X_RAY">FALSE</field>
                  <field name="DOUBLE_CLICK">FALSE</field>
                  <field name="LEFT_BUTTON">TRUE</field>
                  <field name="MIDDLE_BUTTON">TRUE</field>
                  <field name="RIGHT_BUTTON">TRUE</field>
                  <value name="VALUE">
                    <shadow type="objectList" id="{!pE_)e2uu@M^Ls407Fc">
                      <field name="FIELDNAME">&lt;none&gt;</field>
                    </shadow>
                    <block type="allObjectList" id="U!{?jqhsO`h1J[c.#pI+"></block>
                  </value>
                  <statement name="DO">
                    <block type="autoRotateCamera" id="z0rd{Tt.a/,LVsH8Ett/">
                      <field name="ON_OFF">OFF</field>
                      <value name="SPEED">
                        <shadow type="math_number" id="=A!JkVa/^6LawnR~h-7W">
                          <field name="NUM">2</field>
                        </shadow>
                      </value>
                    </block>
                  </statement>
                </block>
              </next>
            </block>
          </next>
        </block>
      </next>
    </block>
  </tab>
  <editorsettings viewport-x="947.4" viewport-y="37" viewport-w="643.6" viewport-h="440" viewport-hidden="false" toolbox-library-mode="false" toolbox-minimized-mode="false"></editorsettings>
</xml>